AMOS MQ QDepth OUTRCH.INTAKE.AMOS _CONTACTCENTER_IVR_OUTREACH_,ECC Action:
Open IM Level 3 and assign it to CONTACTCENTER_OUTREACH (AMOS) for Major (Caution)
Open IM Level 2 and assign it to CONTACTCENTER_OUTREACH (AMOS) for Critical (Danger)
,,true,3,0,0,APM - SOA-MQ,Send Alert to Spectrum - MQ,APM,Email - APM Wily Admin,APM - SOA-MQ,Send Alert to Spectrum - MQ,APM,Email - APM Wily Admin,APM - ECCA - AMOS,AMOS MQ QDepth OUTRCH.INTAKE.AMOS,1,2,5000,5000,1,1,5040,5040,Synthetic STATUS AMOS SOAP Outreach Content Service CMOD,None,,false,3,0,0,APM - Synthetic Monitoring,Email - APM Synthetic Admin,APM - ECCA - AMOS,Email AMOS SOAP,APM - ECCA - AMOS,Synthetic STATUS AMOS SOAP OutreachContent CMOD,1,2,0,0,1,1,1,1,AMOS MQ QDepth OUTRCH.INTAKE.AMOS,ECC Action:
Open IM Level 3 and assign it to CONTACTCENTER_OUTREACH (AMOS) for Major (Caution)
Open IM Level 2 and assign it to CONTACTCENTER_OUTREACH (AMOS) for Critical (Danger)
,,true,1,86400,86400,APM - ECCA - AMOS,Email AMOS OUTBOUND,APM - ECCA - AMOS,Email AMOS OUTBOUND,APM,Email - APM Wily Admin,APM - ECCA - AMOS,AMOS MQ QDepth OUTRCH.INTAKE.AMOS,1,2,2500,5000,3,3,3,3,AMOS MQ QDepth AMOS.*.BACKOUT,None,,true,1,86400,86400,APM - ECCA - AMOS,Email AMOS OUTBOUND,APM,Email - APM Wily Admin,APM - ECCA - AMOS,Email AMOS OUTBOUND,APM - ECCA - AMOS,AMOS MQ QDepth AMOS.*BACKOUT,1,2,100,1000,30,30,3,3,AMOS MQ QDepth OUTRCH.*BACKOUT _CONTACTCENTER_IVR_OUTREACH_,ECC Action:
Open IM Level 3 and assign it to CONTACTCENTER_OUTREACH (AMOS) for Major (Caution)
Open IM Level 2 and assign it to CONTACTCENTER_OUTREACH (AMOS) for Critical (Danger)
,,true,3,0,0,APM - SOA-MQ,Send Alert to Spectrum - MQ,APM,Email - APM Wily Admin,APM - SOA-MQ,Send Alert to Spectrum - MQ,APM,Email - APM Wily Admin,APM - ECCA - AMOS,AMOS MQ QDepth OUTRCH.*BACKOUT,1,2,10000,10000,1,1,5040,5040,AMOS MQ OIC OUTRCH.INTAKE.PRINT _CONTACTCENTER_IVR_OUTREACH_,ECC Action:
Open IM Level 3 and assign it to CONTACTCENTER_OUTREACH (AMOS) for Major (Caution)
Open IM Level 2 and assign it to CONTACTCENTER_OUTREACH (AMOS) for Critical (Danger)


Open Input Count is NOT equal to 1,,false,3,0,0,APM - SOA-MQ,Send Alert to Spectrum - MQ,APM,Email - APM Wily Admin,APM - SOA-MQ,Send Alert to Spectrum - MQ,APM,Email - APM Wily Admin,APM - ECCA - AMOS,AMOS MQ OUTRCH.INTAKE.PRINT OIC,1,1,1,1,10,10,5040,5040,AMOS JVM Status WS-AMOS-01,None,,false,3,0,0,APM - ECCA - AMOS,AMOS JVM Status WS-AMOS-01,2,4,1,1,2,2,10,10,AMOS MQ QDepths on AQM6M04P,None,,false,2,0,0,APM - ECCA - AMOS,AMOS MQ QDepth% AQM6M04P,1,2,50,75,1,1,1,1,Synthetic STATUS AMOS SOAP RightFaxHandler Service _CONTACTCENTER_IVR_OUTREACH_,ECC Action:
Open IM Level 3 and assign it to CONTACTCENTER_OUTREACH (AMOS) for Major (Caution)
Open IM Level 2 and assign it to CONTACTCENTER_OUTREACH (AMOS) for Critical (Danger)
,,false,3,0,0,APM - ECCA - AMOS,Send Alert to Spectrum - AMOS,APM - Synthetic Monitoring,Email - APM Synthetic Admin,APM - ECCA - AMOS,Send Alert to Spectrum - AMOS,APM - Synthetic Monitoring,Email - APM Synthetic Admin,APM - ECCA - AMOS,Synthetic STATUS AMOS SOAP RightFaxHandler,1,2,0,0,16,16,10080,10080,Synthetic STATUS AMOS SOAP OOR Service,None,,false,3,0,0,APM - Synthetic Monitoring,Email - APM Synthetic Admin,APM - ECCA - AMOS,Email AMOS SOAP,APM - ECCA - AMOS,Synthetic STATUS AMOS SOAP OOR Service,1,2,0,0,1,1,1,1,Synthetic STATUS AMOS SOAP Outreach Content Service P8,None,,false,1,0,3600,APM - Synthetic Monitoring,Email - APM Synthetic Admin,APM - ECCA - AMOS,Email AMOS SOAP,APM - ECCA - AMOS,Synthetic STATUS AMOS SOAP OutreachContent P8,1,2,0,0,1,1,1,1,AMOS MQ QDepth AMOS.EXCEPTION,None,,false,2,3600,14400,APM,Email - APM Wily Admin,APM - ECCA - AMOS,Email AMOS OUTBOUND,APM,Email - APM Wily Admin,APM - ECCA - AMOS,Email AMOS OUTBOUND,APM - ECCA - AMOS,AMOS MQ QDepth AMOS.EXCEPTION,1,2,10000,10000,3,3,10080,10080,AMOS Memory - % of Max Used,,,true,3,0,0,APM - ECCA - AMOS,AMOS Memory - % of Max Used,1,2,78,90,1,1,1,1,AMOS Errors,None,,true,3,0,0,APM - ECCA - AMOS,AMOS Errors,1,2,25,25,1,1,10,10,AMOS MQ QDepth OUTRCH.SERVICE.*.BACKOUT,None,,false,2,14400,14400,APM - ECCA - AMOS,Email AMOS OUTBOUND,APM - ECCA - AMOS,Email AMOS OUTBOUND,APM,Email - APM Wily Admin,APM - ECCA - AMOS,AMOS MQ QDepth OUTRCH.SERVICE.*.BACKOUT,1,2,300,1000,3,3,3,3,AMOS MQ QDepth OUTRCH.RSLT.GMC _IS CCMP SUPPORT_,None,,true,1,86400,86400,APM - ECCA - AMOS,Email GMC App Support (IS CCMP SUPPORT),APM,Email - APM Wily Admin,APM - ECCA - AMOS,Email GMC App Support (IS CCMP SUPPORT),APM - ECCA - AMOS,AMOS MQ QDepth OUTRCH.RSLT.GMC,1,2,100,1000,3,3,3,3,AMOS MQ QDepth OUTBND.*BACKOUT,None,,true,1,86400,86400,APM - ECCA - AMOS,Email AMOS OUTBOUND,APM - ECCA - AMOS,Email AMOS OUTBOUND,APM,Email - APM Wily Admin,APM - ECCA - AMOS,AMOS MQ QDepth OUTBND.*.BACKOUT,1,2,25,1000,3,3,3,3,AMOS Memory - Time Spent in GC during last 15 minutes,None,,true,3,0,0,APM - ECCA - AMOS,AMOS Memory - Time Spent in GC during last 15 minutes,1,2,50,50,1,1,10,15,AMOS MQ QDepth OUTRCH.INTAKE.*.BACKOUT --,None,,false,2,0,0,APM - ECCA - AMOS,AMOS MQ QDepth OUTRCH.INTAKE.*BACKOUT,1,2,1000,1000,3,3,10080,10080,AMOS MQ QDepth OUTRCH.OPRTNTY.CREATED  _IS CCMP SUPPORT_,None,,true,1,86400,86400,APM - ECCA - AMOS,Email GMC App Support (IS CCMP SUPPORT),APM,Email - APM Wily Admin,APM - ECCA - AMOS,Email GMC App Support (IS CCMP SUPPORT),APM - ECCA - AMOS,AMOS MQ QDepth OUTRCH.OPRTNTY.CREATED,1,2,100,1000,3,3,3,3,Synthetic STATUS AMOS WSDL CTIDoNotCallList Service,None,,false,2,0,0,APM - Synthetic Monitoring,Email - APM Synthetic Admin,APM - ECCA - AMOS,Email AMOS SOAP,APM - ECCA - AMOS,Synthetic STATUS AMOS WSDL CTIDoNotCallList Service,1,2,0,0,1,1,6,6,Synthetic STATUS AMOS WSDL Connector Service,None,,false,2,0,0,APM - Synthetic Monitoring,Email - APM Synthetic Admin,APM - ECCA - AMOS,Email AMOS SOAP,APM - ECCA - AMOS,Synthetic STATUS AMOS WSDL Connector Service,1,2,0,0,1,1,6,6,AMOS JVM Status WS-AMOS-02,None,,false,3,0,0,APM - ECCA - AMOS,AMOS JVM Status WS-AMOS-02,2,4,1,1,2,2,10,10,APM ECCA - AMOS,None,,false,2,0,0,,,,,,,,,AMOS JVM Status WS-CCI-01,None,,false,3,0,0,APM - ECCA - AMOS,AMOS JVM Status WS-CCI-01,2,4,1,1,2,2,10,10,Synthetic STATUS AMOS SOAP Services,None,,false,3,0,0,APM - ECCA - AMOS,Synthetic STATUS AMOS SOAP,1,2,0,0,16,16,10080,10080,Synthetic STATUS AMOS WSDL Fax Service on ASM,None,,false,2,0,0,APM - Synthetic Monitoring,Email - APM Synthetic Admin,APM - ECCA - AMOS,Email AMOS SOAP,APM - ECCA - AMOS,Synthetic STATUS AMOS WSDL RightFaxHandler Service on ASM,1,2,0,0,1,1,6,6,AMOS MQ OIC OUTRCH.INTAKE.PRINT,None,,false,2,0,0,APM,Email - APM Wily Admin,APM - ECCA - AMOS,Email AMOS OUTBOUND,APM - ECCA - AMOS,AMOS MQ OUTRCH.INTAKE.PRINT OIC,1,1,1,1,1,1,10,10,AMOS MQ QDepth OUTRCH.*.BACKOUT _IS CCMP SUPPORT_,None,,true,1,86400,86400,APM - ECCA - AMOS,Email GMC App Support (IS CCMP SUPPORT),APM - ECCA - AMOS,Send Alert to Spectrum - AMOS,APM,Email - APM Wily Admin,APM - ECCA - AMOS,Email GMC App Support (IS CCMP SUPPORT),APM - ECCA - AMOS,Send Alert to Spectrum - AMOS,APM - ECCA - AMOS,AMOS MQ QDepth OUTRCH.*.BACKOUT,1,2,100,1000,3,3,3,3,AMOS MQ QDepth AMOS.ETEVENT.INTAKE _CONTACTCENTER_IVR_OUTREACH_,ECC Action:
Open IM Level 3 and assign it to CONTACTCENTER_OUTREACH (AMOS) for Major (Caution)
Open IM Level 2 and assign it to CONTACTCENTER_OUTREACH (AMOS) for Critical (Danger)
,,false,3,0,0,APM - SOA-MQ,Send Alert to Spectrum - MQ,APM,Email - APM Wily Admin,APM - SOA-MQ,Send Alert to Spectrum - MQ,APM,Email - APM Wily Admin,APM - ECCA - AMOS,AMOS MQ QDepth AMOS.ETEVENT.INTAKE,1,2,100000,100000,10,10,5040,5040,AMOS MQ QDepth AMOS.ETEVENT.INTAKE,ECC Action:
Open IM Level 3 and assign it to CONTACTCENTER_OUTREACH (AMOS) for Major (Caution)
Open IM Level 2 and assign it to CONTACTCENTER_OUTREACH (AMOS) for Critical (Danger)
,,false,3,0,0,APM - ECCA - AMOS,Email AMOS OUTBOUND,APM,Email - APM Wily Admin,APM - ECCA - AMOS,Email AMOS OUTBOUND,APM - ECCA - AMOS,AMOS MQ QDepth AMOS.ETEVENT.INTAKE,1,2,100000,100000,3,3,30,30,Synthetic RESPONSE AMOS SOAP Test Services,None,,false,3,0,0,APM - ECCA - AMOS,AMOS SOAP Test Services Response,1,2,4000,4000,1,1,4,4,AMOS MQ QDepth AMOS.TCS.FILTERED.BACKOUT --,None,,false,2,0,0,APM - ECCA - AMOS,AMOS MQ QDepth AMOS.TCS.FILTERED.BACKOUT,1,2,8000,8000,1,1,240,240,AMOS JVM Status,None,,false,3,0,0,APM - ECCA - AMOS,AMOS JVM Status,2,4,1,1,2,2,10,10,AMOS MQ QDepth OUTRCH.*.BACKOUT,None,,true,1,86400,86400,APM - ECCA - AMOS,Email AMOS OUTBOUND,APM - ECCA - AMOS,Email AMOS OUTBOUND,APM,Email - APM Wily Admin,APM - ECCA - AMOS,AMOS MQ QDepth OUTRCH.*BACKOUT,1,2,100,1000,3,3,3,3,AMOS MQ QDepth OUTRCH.INTAKE.*.BACKOUT,None,,true,1,86400,86400,APM - ECCA - AMOS,Email AMOS OUTBOUND,APM - ECCA - AMOS,Email AMOS OUTBOUND,APM - ECCA - AMOS,AMOS MQ QDepth OUTRCH.INTAKE.*BACKOUT,1,2,100,1000,3,3,3,3,AMOS MQ QDepth AMOS.TCS.FILTERED.BACKOUT,None,,false,2,3600,18000,APM - ECCA - AMOS,Email AMOS OUTBOUND,APM,Email - APM Wily Admin,APM - ECCA - AMOS,Email AMOS OUTBOUND,APM - ECCA - AMOS,AMOS MQ QDepth AMOS.TCS.FILTERED.BACKOUT,1,2,8000,8000,3,3,300,300,AMOS MQ QDepth OUTRCH.UPDATE.*.BACKOUT,None,,false,2,14400,14400,APM - ECCA - AMOS,Email AMOS OUTBOUND,APM - ECCA - AMOS,Email AMOS OUTBOUND,APM,Email - APM Wily Admin,APM - ECCA - AMOS,AMOS MQ QDepth OUTRCH.UPDATE.*.BACKOUT,1,2,200,799,3,3,3,3,AMOS JVM Status WS-CCI-02,None,,false,3,0,0,APM - ECCA - AMOS,AMOS JVM Status WS-CCI-02,2,4,1,1,2,2,10,10,AMOS CPU Utilization of the Process,None,,true,3,0,0,APM - ECCA - AMOS,AMOS CPU,1,2,8,15,45,60,45,60,Synthetic STATUS AMOS SOAP Outreach Campaign Service,None,,false,3,0,0,APM - Synthetic Monitoring,Email - APM Synthetic Admin,APM - ECCA - AMOS,Email AMOS SOAP,APM - ECCA - AMOS,Synthetic STATUS AMOS SOAP Outreach Campaign,1,2,0,0,1,1,1,1,Synthetic STATUS AMOS SOAP Outreach Survey Service,None,,false,3,0,0,APM - Synthetic Monitoring,Email - APM Synthetic Admin,APM - ECCA - AMOS,Email AMOS SOAP,APM - ECCA - AMOS,Synthetic STATUS AMOS SOAP Outreach Survey,1,2,0,0,1,1,1,1,AMOS MQ QDepth Status,None,,false,2,0,0,,,,,,,,,Synthetic RESPONSE AMOS SOAP Services,None,,false,3,0,0,APM - ECCA - AMOS,Synthetic RESPONSE AMOS SOAP,1,2,4000,4000,1,1,4,4,Synthetic STATUS AMOS WSDL Outbound Dialer _ECD_AMOS_,None,,false,3,0,0,APM - ECCA - AMOS,Send Alert to Spectrum - AMOS,APM - Synthetic Monitoring,Email - APM Synthetic Admin,APM - ECCA - AMOS,Synthetic STATUS AMOS WSDL Outbound Dialer,1,2,1,1,1,1,1,1,Synthetic STATUS AMOS SOAP RightFaxHandler Service,None,,false,3,0,0,APM - ECCA - AMOS,Email AMOS SOAP,APM - ECCA - AMOS,Synthetic STATUS AMOS SOAP RightFaxHandler,1,2,0,0,1,1,16,16,